{
    "nodeDataArray" : [{"key": -1,"numero": "x1","lamda": 0}, {"key": -2,"numero": "x2","lamda": 0}, {"key": -3,"numero": "x3","lamda": 0}, {
            "key": -4,"numero": "x4","lamda": 0}, {"key": -5,"numero": "x5","lamda": 0}, {"key": -6,"numero": "x6","lamda": 0}, {
            "key": -7,"numero": "x7","lamda": 0}, {"key": -8,"numero": "x8","lamda": 0}, {"key": -9,"numero": "x9","lamda": 0}, {
            "key": -10,"numero": "x10","lamda": 0}, {"key": -11,"numero": "x11","lamda": 0}, {"key": -12,"numero": "x12","lamda": 0}, {
            "key": -13,"numero": "x13","lamda": 0}, {"key": -14,"numero": "x14","lamda": 0}, {"key": -15,"numero": "x15","lamda": 0}, {
            "key": -16,"numero": "x16","lamda": 0}],
    "linkDataArray" :[
        {"from": -1, "to": -2, "value": 10},
        {"from": -2, "to": -3, "value": 15}, {"from": -2, "to": -4, "value": 8},
        {"from": -3, "to": -6, "value": 1}, {"from": -3, "to": -11, "value": 16},
        {"from": -4, "to": -5, "value": 6}, {"from": -4, "to": -3, "value": 8},
        {"from": -5, "to": -9, "value": 1},
        {"from": -6, "to": -5, "value": 5}, {"from": -6, "to": -7, "value": 4},
        {"from": -7, "to": -8, "value": 1},
        {"from": -8, "to": -7, "value": 3}, {"from": -8, "to": -10, "value": 2},
        {"from": -9, "to": -8, "value": 3}, {"from": -9, "to": -10, "value": 4},
        {"from": -10, "to": -12, "value": 7},
        {"from": -11, "to": -12, "value": 6}, {"from": -11, "to": -13, "value": 12},
        {"from": -12, "to": -15, "value": 9},
        {"from": -13, "to": -14, "value": 3},
        {"from": -14, "to": -16, "value": 3},
        {"from": -15, "to": -14, "value": 5}, {"from": -15, "to": -16, "value": 6}
    ]
}